id,activity_name,created_at,user_id
1,dashboard_page,2020-03-17 13:02:26.869852,1
2,hr_required_page,2020-03-17 13:02:34.828222,1
3,manage_users_page,2020-03-17 13:02:42.938889,1
4,edit_user_page,2020-03-17 13:02:48.159380,1
5,edit_user_page,2020-03-18 09:58:12.233742,1
6,edit_user_page,2020-03-18 09:58:35.722573,1
7,manage_users_page,2020-03-18 09:58:36.357868,1
8,manage_user_permissions_page,2020-03-18 12:46:30.454700,1
9,logout_view,2020-03-18 12:46:43.464360,1
10,dashboard_page,2020-03-18 12:46:51.117690,1
11,manage_users_page,2020-03-18 12:46:59.232766,1
12,manage_user_permissions_page,2020-03-18 12:47:04.457545,1
13,edit_user_permission_page,2020-03-18 12:47:18.978336,1
14,employees_page,2020-03-18 12:47:57.690261,1
15,employee_profile_page,2020-03-18 12:48:08.955136,1
16,no_organisation_detail_page,2020-03-18 12:51:35.487731,1
17,no_organisation_detail_page,2020-03-18 12:51:45.501711,1
18,no_organisation_detail_page,2020-03-18 13:39:12.266713,1
19,job_titles_page,2020-03-18 13:39:18.759671,1
20,add_new_title,2020-03-18 13:39:38.088901,1
21,job_titles_page,2020-03-18 13:39:38.998630,1
22,departments_page,2020-03-18 13:39:44.964143,1
23,add_new_department,2020-03-18 13:40:08.799863,1
24,departments_page,2020-03-18 13:40:09.606701,1
25,teams_page,2020-03-18 13:40:16.853013,1
26,add_new_team,2020-03-18 13:40:25.335374,1
27,teams_page,2020-03-18 13:40:25.830746,1
28,employees_page,2020-03-18 13:40:35.509243,1
29,add_organisation_details,2020-03-18 13:40:57.180505,1
30,dashboard_page,2020-03-20 06:54:52.406329,1
31,dashboard_page,2020-03-20 07:01:36.867572,1
32,dashboard_page,2020-03-20 07:02:57.557655,1
33,manage_payroll_records_page,2020-03-20 07:07:06.409012,1
34,employees_page,2020-03-20 07:07:13.168380,1
35,departments_page,2020-03-20 07:09:06.198148,1
36,teams_page,2020-03-20 07:09:08.635030,1
37,manage_users_page,2020-03-20 07:09:49.156407,1
38,edit_user_page,2020-03-20 07:09:52.367513,1
39,edit_user_page,2020-03-20 07:10:02.637781,1
40,manage_users_page,2020-03-20 07:10:03.136625,1
41,manage_users_page,2020-03-20 07:11:24.833714,1
42,edit_user_page,2020-03-20 07:11:27.332258,1
43,edit_user_page,2020-03-20 07:11:33.519045,1
44,manage_users_page,2020-03-20 07:11:33.844899,1
45,departments_page,2020-03-20 07:15:30.338826,1
46,dashboard_page,2020-03-20 07:15:36.756105,1
47,manage_users_page,2020-03-20 07:15:39.197466,1
48,manage_users_page,2020-03-20 07:15:46.324655,1
49,edit_user_page,2020-03-20 07:15:48.484413,1
50,edit_user_page,2020-03-20 07:15:54.435529,1
51,manage_users_page,2020-03-20 07:15:55.046978,1
52,dashboard_page,2020-03-20 07:48:34.877515,1
53,job_titles_page,2020-03-20 07:48:42.086001,1
54,departments_page,2020-03-20 07:48:45.260162,1
55,employees_page,2020-03-20 07:48:47.707286,1
56,view_payroll_records_page,2020-03-20 07:48:55.206546,1
57,approve_overtime_page,2020-03-20 07:48:58.450477,1
58,holidays_page,2020-03-20 07:49:46.722065,1
59,manage_job_contracts,2020-03-20 07:50:10.765375,1
60,manage_job_contracts,2020-03-20 07:50:10.968992,1
61,user_training_page,2020-03-20 07:50:38.793130,1
62,user_training_page,2020-03-20 07:52:30.539383,1
63,manage_job_contracts,2020-03-20 07:52:36.820520,1
64,user_contracts_page,2020-03-20 07:52:41.550126,1
65,job_titles_page,2020-03-20 07:52:53.578577,1
66,job_titles_page,2020-03-20 10:01:27.528261,1
67,departments_page,2020-03-20 10:01:34.939477,1
68,add_new_department,2020-03-20 10:01:47.015743,1
69,departments_page,2020-03-20 10:01:47.144143,1
70,departments_page,2020-03-23 07:02:24.082118,1
71,employees_page,2020-03-23 08:11:09.296995,1
72,dashboard_page,2020-03-26 12:36:26.204440,1
73,apply_for_overtime_page,2020-03-26 12:36:43.111912,1
74,dashboard_page,2020-03-26 12:38:12.271391,1
75,apply_for_overtime_page,2020-03-26 12:38:19.896112,1
76,apply_for_overtime_page,2020-03-26 12:39:20.377849,1
77,apply_for_overtime_page,2020-03-26 12:39:20.989819,1
78,apply_for_overtime_page,2020-03-30 09:05:13.350451,1
79,employees_page,2020-03-30 09:05:26.826133,1
80,add_new_employee,2020-03-30 09:08:15.703136,1
81,employees_page,2020-04-07 13:16:54.872577,1
82,dashboard_page,2020-04-08 07:28:05.723909,1
83,dashboard_page,2020-04-08 07:28:57.962581,1
84,dashboard_page,2020-04-11 08:13:14.750259,1
85,manage_job_contracts,2020-04-11 08:13:43.952236,1
86,terminated_contracts_page,2020-04-11 08:14:00.444208,1
87,employees_page,2020-04-13 09:05:49.958327,1
88,dashboard_page,2020-04-13 12:38:36.595193,1
89,holidays_page,2020-04-13 12:51:20.393841,1
90,holidays_page,2020-04-13 12:51:41.522543,1
91,dashboard_page,2020-04-22 09:14:29.314974,1
92,employees_page,2020-04-22 09:16:07.908712,1
93,dashboard_page,2020-04-22 12:28:29.523869,1
94,employees_page,2020-04-25 07:12:26.762491,1
95,holidays_page,2020-04-25 07:12:39.717645,1
96,holidays_page,2020-04-25 07:15:59.521148,1
97,holidays_page,2020-04-25 07:15:59.780425,1
98,holidays_page,2020-04-25 07:18:25.870499,1
99,holidays_page,2020-04-25 07:18:26.209594,1
100,edit_holiday_page,2020-04-25 07:18:38.108602,1
101,manage_payroll_records_page,2020-04-25 07:29:06.259987,1
102,dashboard_page,2020-04-25 07:31:01.476648,1
103,dashboard_page,2020-04-25 11:38:54.719210,1
104,employees_page,2020-04-26 07:13:58.965797,1
105,job_titles_page,2020-04-26 07:39:56.073776,1
106,departments_page,2020-04-26 07:40:06.696368,1
107,departments_page,2020-04-26 07:40:57.729004,1
108,employees_page,2020-04-26 07:41:33.595435,1
109,edit_employee_page,2020-04-26 07:42:06.904803,1
110,employees_page,2020-04-26 07:42:23.426719,1
111,departments_page,2020-04-26 08:15:17.911105,1
112,departments_page,2020-04-26 08:24:54.566306,1
113,departments_page,2020-04-26 08:26:05.920760,1
114,departments_page,2020-04-26 08:27:02.816102,1
115,departments_page,2020-04-26 08:27:25.503242,1
116,departments_page,2020-04-26 08:30:30.188928,1
117,departments_page,2020-04-26 08:31:20.314117,1
118,departments_page,2020-04-26 08:32:19.415883,1
119,departments_page,2020-04-26 08:32:41.343258,1
120,departments_page,2020-04-26 08:33:52.793887,1
121,departments_page,2020-04-26 08:34:44.762207,1
122,departments_page,2020-04-26 08:48:17.552625,1
123,departments_page,2020-04-26 08:50:16.914924,1
124,departments_page,2020-04-26 08:51:17.474177,1
125,departments_page,2020-04-26 08:51:20.862868,1
126,dashboard_page,2020-04-27 12:53:57.682354,1
127,employees_page,2020-04-27 12:54:12.388100,1
128,holidays_page,2020-04-27 12:54:18.377115,1
129,dashboard_page,2020-04-27 12:58:29.675319,1
130,dashboard_page,2020-04-27 13:08:07.378497,1
131,dashboard_page,2020-04-28 07:49:50.360276,1
132,employees_page,2020-04-28 09:27:38.217308,1
133,dashboard_page,2020-04-28 09:29:34.105308,1
134,hod_required_page,2020-04-28 09:53:50.199511,1
135,overtime_applications_page,2020-04-28 09:54:18.099270,1
136,approved_overtime_applications_page,2020-04-28 09:54:27.995658,1
137,approve_overtime_page,2020-04-28 09:54:46.931807,1
138,apply_for_overtime_page,2020-04-28 09:54:51.421305,1
139,manage_users_page,2020-04-28 09:55:12.823479,1
140,edit_user_page,2020-04-28 09:55:19.381681,1
141,edit_user_page,2020-04-28 09:55:26.255185,1
142,manage_users_page,2020-04-28 09:55:26.792800,1
143,employees_page,2020-04-28 12:03:39.570999,1
144,dashboard_page,2020-04-28 12:06:08.909520,1
145,dashboard_page,2020-04-28 12:07:49.297776,1
146,dashboard_page,2020-04-28 12:31:12.191171,1
147,logout_view,2020-04-28 12:33:10.029600,1
148,dashboard_page,2020-04-28 12:33:19.686735,1
149,employees_page,2020-05-04 08:32:38.454196,1
150,employees_page,2020-05-04 08:32:49.222838,1
151,dashboard_page,2020-05-06 12:25:27.114565,1
152,logout_view,2020-05-08 15:15:08.316491,1
153,dashboard_page,2020-05-08 15:15:21.765842,1
154,dashboard_page,2020-05-08 15:16:20.087722,1
155,employees_page,2020-05-15 08:44:04.590234,1
156,holidays_page,2020-05-15 08:44:23.504758,1
157,dashboard_page,2020-05-15 08:51:27.457276,1
158,employees_page,2020-05-21 08:05:40.948353,1
159,add_more_details_page,2020-05-21 08:12:06.369923,1
160,employee_profile_page,2020-05-21 08:12:57.952738,1
161,add_more_details_page,2020-05-21 08:13:09.148508,1
162,add_dependant,2020-05-21 08:21:28.644411,1
163,holidays_page,2020-05-21 08:22:55.836000,1
164,edit_holiday_page,2020-05-21 08:22:59.611595,1
165,holidays_page,2020-05-21 09:35:38.811206,1
166,holidays_page,2020-05-21 09:36:11.755565,1
167,holidays_page,2020-05-21 09:36:11.977982,1
168,job_titles_page,2020-05-21 12:03:37.927906,1
169,departments_page,2020-05-21 12:03:48.352048,1
170,departments_page,2020-05-21 15:07:12.736480,1
171,departments_page,2020-05-21 15:08:01.096041,1
172,edit_department_page,2020-05-21 15:08:06.930061,1
173,edit_department_page,2020-05-21 15:08:36.689462,1
174,departments_page,2020-05-21 15:09:16.495706,1
175,departments_page,2020-05-21 15:09:22.168332,1
176,add_new_department,2020-05-21 15:10:27.167885,1
177,departments_page,2020-05-21 15:10:27.518448,1
178,departments_page,2020-05-21 15:10:35.365921,1
179,departments_page,2020-05-21 15:18:49.970913,1
180,add_new_department,2020-05-21 15:19:10.143899,1
181,departments_page,2020-05-21 15:19:10.529094,1
182,departments_page,2020-05-21 15:23:12.556763,1
183,add_new_department,2020-05-21 15:23:51.539832,1
184,departments_page,2020-05-21 15:29:05.604271,1
185,add_new_department,2020-05-21 15:29:16.788297,1
186,departments_page,2020-05-21 15:30:02.845297,1
187,add_new_department,2020-05-21 15:30:16.332334,1
188,departments_page,2020-05-21 15:32:06.990350,1
189,add_new_department,2020-05-21 15:32:15.764558,1
190,departments_page,2020-05-21 15:33:02.087060,1
191,add_new_department,2020-05-21 15:33:12.476784,1
192,departments_page,2020-05-21 15:33:12.805089,1
193,departments_page,2020-05-21 15:34:52.262355,1
194,add_new_department,2020-05-21 15:35:08.983350,1
195,departments_page,2020-05-21 15:35:09.263734,1
196,edit_department_page,2020-05-21 15:35:16.276577,1
197,departments_page,2020-05-21 15:35:25.780166,1
198,teams_page,2020-05-22 07:42:27.909960,1
199,delete_department,2020-05-22 07:43:04.953826,1
200,departments_page,2020-05-22 07:43:05.357737,1
201,departments_page,2020-05-22 07:45:51.134285,1
202,edit_department_page,2020-05-22 07:46:34.854129,1
203,departments_page,2020-05-22 07:46:44.638337,1
204,departments_page,2020-05-22 07:46:54.206721,1
205,departments_page,2020-05-22 07:48:06.847286,1
206,departments_page,2020-05-22 07:48:11.532966,1
207,edit_department_page,2020-05-22 07:48:20.909793,1
208,departments_page,2020-05-22 07:48:27.265691,1
209,edit_department_page,2020-05-22 07:53:06.745031,1
210,edit_department_page,2020-05-22 08:17:17.427246,1
211,edit_department_page,2020-05-22 08:17:59.906966,1
212,edit_department_page,2020-05-22 08:18:14.493672,1
213,edit_department_page,2020-05-22 08:21:14.534803,1
214,edit_department_page,2020-05-22 08:28:24.084854,1
215,edit_department_page,2020-05-22 08:28:32.332436,1
216,edit_department_page,2020-05-22 08:28:39.074548,1
217,edit_department_page,2020-05-22 08:39:11.730570,1
218,edit_department_page,2020-05-22 08:39:24.018219,1
219,departments_page,2020-05-22 08:39:32.192002,1
220,edit_department_page,2020-05-22 08:39:40.475710,1
221,departments_page,2020-05-22 08:39:52.144202,1
222,edit_department_page,2020-05-22 08:39:57.110404,1
223,edit_department_page,2020-05-22 08:40:06.319712,1
224,departments_page,2020-05-22 08:40:17.628311,1
225,edit_department_page,2020-05-22 08:40:25.570126,1
226,departments_page,2020-05-22 08:40:31.874476,1
227,edit_department_page,2020-05-22 08:40:42.775243,1
228,departments_page,2020-05-22 08:41:03.493358,1
229,teams_page,2020-05-22 09:12:35.949760,1
230,teams_page,2020-05-22 09:12:42.117493,1
231,edit_department_page,2020-05-22 09:12:53.333662,1
232,departments_page,2020-05-22 09:13:03.998184,1
233,edit_department_page,2020-05-22 09:13:09.352602,1
234,departments_page,2020-05-22 09:18:59.094868,1
235,edit_department_page,2020-05-22 09:19:03.112039,1
236,edit_department_page,2020-05-22 09:19:58.812778,1
237,edit_department_page,2020-05-22 09:21:05.827209,1
238,edit_department_page,2020-05-22 09:21:40.045018,1
239,edit_department_page,2020-05-22 09:21:57.874115,1
240,edit_department_page,2020-05-22 09:24:50.252070,1
241,departments_page,2020-05-22 09:25:02.893211,1
242,edit_department_page,2020-05-22 09:25:09.686863,1
243,departments_page,2020-05-22 09:27:18.179778,1
244,teams_page,2020-05-22 09:27:23.216040,1
245,teams_page,2020-05-22 09:29:22.238678,1
246,teams_page,2020-05-22 09:31:06.498405,1
247,departments_page,2020-05-22 14:31:46.878380,1
248,edit_department_page,2020-05-22 14:31:56.000147,1
249,departments_page,2020-05-22 14:46:10.417360,1
250,teams_page,2020-05-22 14:46:23.986944,1
251,edit_team_page,2020-05-22 14:46:28.634021,1
252,edit_team_page,2020-05-22 14:49:57.055419,1
253,edit_team_page,2020-05-22 14:51:34.030956,1
254,edit_team_page,2020-05-22 14:51:59.233478,1
255,edit_team_page,2020-05-22 14:52:47.403010,1
256,edit_team,2020-05-22 14:54:11.250260,1
257,edit_team,2020-05-22 14:58:18.651559,1
258,dashboard_page,2020-05-23 12:28:30.840915,1
259,departments_page,2020-05-23 12:28:40.744637,1
260,teams_page,2020-05-23 12:28:49.406125,1
261,edit_team_page,2020-05-23 12:28:53.914028,1
262,teams_page,2020-05-23 12:29:20.551143,1
263,edit_team_page,2020-05-23 12:29:24.950036,1
264,teams_page,2020-05-23 12:29:57.948589,1
265,edit_team_page,2020-05-23 12:30:02.001328,1
266,edit_team_page,2020-05-23 12:30:26.806447,1
267,edit_team_page,2020-05-23 12:32:32.879797,1
268,edit_team,2020-05-23 12:32:45.078602,1
269,edit_team,2020-05-23 12:33:07.657436,1
270,teams_page,2020-05-23 12:33:25.841706,1
271,edit_team_page,2020-05-23 12:33:35.359211,1
272,edit_team_page,2020-05-23 12:35:45.267322,1
273,edit_team_page,2020-05-23 12:37:14.865751,1
274,teams_page,2020-05-23 12:40:35.991353,1
275,edit_team_page,2020-05-23 12:40:38.779493,1
276,edit_team_page,2020-05-23 12:41:02.034842,1
277,edit_team_page,2020-05-23 12:41:19.860166,1
278,teams_page,2020-05-23 12:50:24.444235,1
279,edit_team_page,2020-05-23 12:50:28.956545,1
280,edit_team,2020-05-23 12:50:34.095415,1
281,edit_team_page,2020-05-23 12:51:19.043002,1
282,edit_team_page,2020-05-23 12:51:27.440731,1
283,teams_page,2020-05-23 12:51:35.876414,1
284,edit_team_page,2020-05-23 12:51:38.315460,1
285,edit_team,2020-05-23 12:51:45.411596,1
286,teams_page,2020-05-23 12:51:45.657973,1
287,edit_team_page,2020-05-23 12:51:50.177960,1
288,edit_team,2020-05-23 12:51:54.110360,1
289,teams_page,2020-05-23 12:51:54.341024,1
290,edit_team_page,2020-05-23 12:51:57.136717,1
291,edit_team,2020-05-23 12:52:01.320922,1
292,teams_page,2020-05-23 12:52:01.848402,1
293,teams_page,2020-05-23 12:53:35.619029,1
294,edit_team_page,2020-05-23 12:53:45.462480,1
295,edit_team,2020-05-23 12:53:48.110958,1
296,teams_page,2020-05-23 12:53:48.410153,1
297,add_new_team,2020-05-23 12:54:22.722075,1
298,teams_page,2020-05-23 12:54:23.013544,1
299,teams_page,2020-05-23 12:56:40.868120,1
300,delete_team,2020-05-23 12:56:46.137460,1
301,teams_page,2020-05-23 12:56:46.603948,1
302,add_new_team,2020-05-23 12:57:04.670509,1
303,teams_page,2020-05-23 12:57:04.938465,1
304,teams_page,2020-05-23 13:04:07.513740,1
305,add_new_team,2020-05-23 13:04:19.057047,1
306,teams_page,2020-05-23 13:04:19.275768,1
307,teams_page,2020-05-23 13:05:32.289869,1
308,teams_page,2020-05-23 13:05:51.787332,1
309,add_new_team,2020-05-23 13:06:02.294170,1
310,teams_page,2020-05-23 13:06:02.543931,1
311,teams_page,2020-05-23 14:28:45.894754,1
312,edit_team_page,2020-05-23 14:28:51.451419,1
313,edit_team,2020-05-23 14:28:54.651958,1
314,teams_page,2020-05-23 14:28:55.149328,1
315,teams_page,2020-05-23 14:36:10.498415,1
316,edit_team_page,2020-05-23 14:36:13.421061,1
317,edit_team,2020-05-23 14:36:15.488527,1
318,teams_page,2020-05-23 14:36:15.988490,1
319,teams_page,2020-05-23 14:37:20.248921,1
320,edit_team_page,2020-05-23 14:37:24.517869,1
321,edit_team,2020-05-23 14:37:26.956462,1
322,teams_page,2020-05-23 14:37:27.363478,1
323,edit_team_page,2020-05-23 14:37:34.995577,1
324,edit_team,2020-05-23 14:39:10.529999,1
325,teams_page,2020-05-23 14:39:10.760553,1
326,teams_page,2020-05-23 14:41:23.767842,1
327,edit_team_page,2020-05-23 14:41:26.043456,1
328,edit_team,2020-05-23 14:41:28.379013,1
329,teams_page,2020-05-23 14:41:29.085232,1
330,teams_page,2020-05-23 14:42:25.840082,1
331,edit_team_page,2020-05-23 14:42:28.892167,1
332,edit_team,2020-05-23 14:42:31.236327,1
333,teams_page,2020-05-23 14:42:31.499566,1
334,dashboard_page,2020-05-27 07:11:59.615135,1
335,departments_page,2020-05-27 17:59:03.881062,1
336,teams_page,2020-05-27 17:59:07.520122,1
337,delete_team,2020-05-27 17:59:13.906456,1
338,teams_page,2020-05-27 17:59:14.287087,1
339,teams_page,2020-05-27 17:59:34.583808,1
340,departments_page,2020-05-27 17:59:50.016923,1
341,teams_page,2020-05-27 18:00:05.346462,1
342,add_new_team,2020-05-27 18:00:23.005334,1
343,teams_page,2020-05-27 18:00:23.423625,1
344,departments_page,2020-05-27 18:00:36.497545,1
345,job_titles_page,2020-05-27 18:09:48.212989,1
346,job_titles_page,2020-05-27 18:17:21.852203,1
347,job_titles_page,2020-05-27 18:21:01.678159,1
348,job_titles_page,2020-05-27 18:22:27.697707,1
349,job_titles_page,2020-05-27 18:23:48.186789,1
350,job_titles_page,2020-05-27 18:24:26.206764,1
351,job_titles_page,2020-05-27 18:25:01.126369,1
352,job_titles_page,2020-05-27 18:29:56.278032,1
353,job_titles_page,2020-05-27 18:30:49.960708,1
354,job_titles_page,2020-05-27 18:32:02.318576,1
355,job_titles_page,2020-05-27 19:49:50.344946,1
356,job_titles_page,2020-05-27 19:50:41.428076,1
357,job_titles_page,2020-05-27 19:51:16.606841,1
358,dashboard_page,2020-05-28 09:38:50.976581,1
359,manage_departments_page,2020-05-28 09:39:26.734629,1
360,edit_department_page,2020-05-28 09:39:34.908437,1
361,manage_teams_page,2020-05-28 09:39:49.271260,1
362,manage_job_positions_page,2020-05-28 09:39:55.904581,1
363,manage_teams_page,2020-05-28 09:40:09.469925,1
364,manage_job_positions_page,2020-05-29 06:31:37.401124,1
365,edit_job_position,2020-05-29 06:32:30.325573,1
366,manage_job_positions_page,2020-05-29 06:32:30.555021,1
367,add_new_job_position,2020-05-29 06:33:37.979937,1
368,manage_job_positions_page,2020-05-29 06:33:38.387362,1
369,delete_job_position,2020-05-29 06:33:50.458978,1
370,manage_job_positions_page,2020-05-29 06:33:50.684165,1
371,manage_job_positions_page,2020-05-29 06:35:15.888639,1
372,manage_job_positions_page,2020-05-29 06:35:22.123987,1
373,add_new_job_position,2020-05-29 06:35:53.821405,1
374,manage_job_positions_page,2020-05-29 06:35:54.164228,1
375,manage_departments_page,2020-05-29 06:37:34.152694,1
376,holidays_page,2020-05-29 07:04:31.994991,1
377,employees_page,2020-05-29 07:35:06.796529,1
378,manage_users_page,2020-05-29 07:35:20.644051,1
379,view_users_page,2020-05-29 07:35:26.283762,1
380,user_audit_trail,2020-05-29 07:35:34.616492,1
381,audit_trails,2020-05-29 07:36:05.687282,1
382,manage_users_page,2020-05-29 07:36:56.179945,1
383,manage_user_permissions_page,2020-05-29 07:37:09.382680,1
384,edit_user_permission_page,2020-05-29 07:37:15.367969,1
385,edit_user_permission_page,2020-05-29 07:37:26.075072,1
386,manage_user_permissions_page,2020-05-29 07:37:26.451523,1
387,edit_user_page,2020-05-29 07:37:52.559243,1
388,manage_users_page,2020-05-29 07:38:53.924557,1
389,manage_users_page,2020-05-29 07:38:54.993954,1
390,logout_view,2020-05-29 07:39:25.128960,1
391,dashboard_page,2020-05-29 07:40:42.070818,2
392,no_organisation_detail_page,2020-05-29 07:40:46.683475,2
393,logout_view,2020-05-29 07:41:07.695985,2
394,dashboard_page,2020-05-29 07:41:13.749821,1
395,employees_page,2020-05-29 07:41:16.968464,1
396,add_more_details_page,2020-05-29 07:41:21.618830,1
397,add_organisation_details,2020-05-29 07:41:40.184021,1
398,logout_view,2020-05-29 07:44:19.714263,1
399,dashboard_page,2020-05-29 07:44:30.325560,2
400,logout_view,2020-05-29 07:46:31.200324,2
401,dashboard_page,2020-05-29 07:46:37.427077,1
402,manage_users_page,2020-05-29 07:46:43.787052,1
403,edit_user_page,2020-05-29 07:46:48.818254,1
404,manage_user_permissions_page,2020-05-29 07:46:54.404231,1
405,manage_user_permissions_page,2020-05-29 07:47:00.544842,1
406,edit_user_page,2020-05-29 07:47:17.176428,1
407,edit_user_page,2020-05-29 07:47:26.240963,1
408,manage_users_page,2020-05-29 07:47:26.620200,1
409,logout_view,2020-05-29 07:47:39.081892,1
410,dashboard_page,2020-05-29 07:47:55.717359,2
411,logout_view,2020-05-29 07:48:32.411114,2
412,dashboard_page,2020-05-29 07:48:45.378173,1
413,manage_users_page,2020-05-29 07:48:55.565174,1
414,edit_user_page,2020-05-29 07:48:58.578086,1
415,edit_user_page,2020-05-29 07:49:05.181902,1
416,manage_users_page,2020-05-29 07:49:05.549123,1
417,dashboard_page,2020-05-29 07:50:19.929641,2
418,manage_users_page,2020-05-29 08:21:42.712334,1
419,edit_user_page,2020-05-29 08:21:46.515389,1
420,manage_users_page,2020-05-29 08:22:15.365762,1
421,edit_user_page,2020-05-29 08:22:18.875086,1
422,edit_user_page,2020-05-29 08:22:28.638169,1
423,manage_users_page,2020-05-29 08:22:29.109786,1
424,employees_page,2020-06-02 07:04:30.292810,1
425,add_new_employee,2020-06-02 07:05:16.217417,1
426,employees_page,2020-06-03 08:13:11.229717,1
427,activate_employees_page,2020-06-03 08:13:20.011348,1
428,add_new_employee,2020-06-03 08:14:26.165314,1
429,employees_page,2020-06-03 08:20:31.127842,1
430,employees_page,2020-06-03 08:57:15.850021,1
431,add_new_employee,2020-06-03 08:59:39.911022,1
432,employees_page,2020-06-04 08:23:37.487564,2
433,logout_view,2020-06-04 08:36:45.728704,2
434,employees_page,2020-06-04 08:48:05.982032,1
435,employees_page,2020-06-04 08:48:31.755386,1
436,logout_view,2020-06-04 08:48:51.827941,1
437,dashboard_page,2020-06-04 08:49:01.481445,2
438,logout_view,2020-06-04 08:50:17.574841,2
439,dashboard_page,2020-06-04 08:50:23.796159,1
440,employees_page,2020-06-04 08:53:34.145438,1
441,employees_page,2020-06-04 08:57:03.324684,1
442,employees_page,2020-06-05 08:48:11.829609,1
443,dashboard_page,2020-06-05 08:48:24.057713,1
444,employees_page,2020-06-05 08:51:03.506292,1
445,add_organisation_details,2020-06-05 08:51:30.272985,1
446,manage_users_page,2020-06-05 08:53:55.405317,1
447,edit_user_page,2020-06-05 08:54:14.704435,1
448,edit_user_page,2020-06-05 08:54:28.806716,1
449,employees_page,2020-06-05 08:54:41.197768,1
450,add_organisation_details,2020-06-05 08:55:10.601008,1
451,employees_page,2020-06-05 08:55:23.417950,1
452,add_organisation_details,2020-06-05 08:55:38.513780,1
453,employees_page,2020-06-05 09:01:43.327605,1
454,manage_users_page,2020-06-05 09:01:54.956389,1
455,edit_user_page,2020-06-05 09:02:01.096341,1
456,edit_user_page,2020-06-05 09:02:19.562633,1
457,edit_user_page,2020-06-05 09:02:51.590312,1
458,manage_users_page,2020-06-05 09:02:52.154290,1
459,manage_users_page,2020-06-05 09:05:10.806816,1
460,manage_users_page,2020-06-05 09:05:11.924870,1
461,manage_users_page,2020-06-05 09:06:38.199473,1
462,manage_users_page,2020-06-05 09:06:39.534278,1
463,manage_users_page,2020-06-05 09:07:48.176010,1
464,manage_users_page,2020-06-05 09:07:48.439905,1
465,edit_user_page,2020-06-05 09:07:51.962050,1
466,edit_user_page,2020-06-05 09:08:01.440724,1
467,manage_users_page,2020-06-05 09:08:01.938821,1
468,edit_user_page,2020-06-05 09:08:07.477165,1
469,edit_user_page,2020-06-05 09:08:11.223190,1
470,manage_users_page,2020-06-05 09:08:11.975225,1
471,manage_users_page,2020-06-05 09:08:26.321273,1
472,manage_users_page,2020-06-05 09:08:26.576242,1
473,dashboard_page,2020-06-05 09:08:33.289784,1
474,manage_users_page,2020-06-05 09:08:37.029008,1
475,manage_users_page,2020-06-05 09:09:08.117410,1
476,manage_users_page,2020-06-05 09:09:09.507983,1
477,dashboard_page,2020-06-05 09:10:49.143152,5
478,hr_required_page,2020-06-05 09:11:32.766195,1
479,manage_users_page,2020-06-05 09:11:45.425884,1
480,edit_user_page,2020-06-05 09:11:51.403558,1
481,edit_user_page,2020-06-05 09:11:55.448653,1
482,manage_users_page,2020-06-05 09:11:56.215054,1
483,employees_page,2020-06-05 09:12:01.440305,1
484,edit_leave_details,2020-06-05 09:12:48.714516,1
485,manage_users_page,2020-06-05 09:39:48.177541,1
486,edit_user_page,2020-06-05 09:39:59.824627,1
487,logout_view,2020-06-05 09:40:18.864482,5
488,dashboard_page,2020-06-05 09:59:44.011438,3
489,edit_user_page,2020-06-05 12:00:23.775866,1
490,edit_user_page,2020-06-05 12:00:35.471718,1
491,manage_users_page,2020-06-05 12:00:35.764584,1
492,edit_user_page,2020-06-05 12:00:47.443396,1
493,logout_view,2020-06-05 15:33:31.041004,3
494,dashboard_page,2020-06-05 15:35:10.786482,5
495,logout_view,2020-06-05 19:11:33.483765,5
496,dashboard_page,2020-06-05 19:11:43.070530,3
497,employees_page,2020-06-06 07:24:12.543574,1
498,dashboard_page,2020-06-06 08:19:20.946047,3
499,logout_view,2020-06-06 11:54:35.434010,3
500,manage_users_page,2020-06-06 11:54:53.459332,1
501,edit_user_page,2020-06-06 11:55:30.935079,1
502,dashboard_page,2020-06-06 11:56:17.037056,4
503,manage_users_page,2020-06-06 12:24:46.245329,1
504,edit_user_page,2020-06-06 12:24:54.227339,1
505,edit_user_page,2020-06-06 12:25:04.166704,1
506,manage_users_page,2020-06-06 12:25:04.612146,1
507,logout_view,2020-06-06 12:36:58.977498,4
508,dashboard_page,2020-06-06 12:37:09.600120,5
509,logout_view,2020-06-07 15:43:34.468740,1
510,dashboard_page,2020-06-07 15:44:31.915009,5
511,logout_view,2020-06-08 07:04:20.864791,5
512,dashboard_page,2020-06-08 07:04:33.310397,1
513,employees_page,2020-06-08 07:04:40.750978,1
514,manage_users_page,2020-06-08 07:12:20.960390,1
515,employees_page,2020-06-08 07:33:23.589459,1
516,logout_view,2020-06-08 07:38:19.340322,5
517,dashboard_page,2020-06-08 07:38:25.208162,5
518,logout_view,2020-06-08 07:49:56.686762,5
519,dashboard_page,2020-06-08 07:50:05.786989,4
520,manage_users_page,2020-06-08 07:52:59.964350,1
521,edit_user_page,2020-06-08 07:53:04.216742,1
522,employees_page,2020-06-08 09:19:48.614406,1
523,manage_users_page,2020-06-08 09:21:13.196967,1
524,employees_page,2020-06-08 09:21:22.577221,1
525,manage_job_positions_page,2020-06-08 09:22:23.161734,1
526,edit_job_position,2020-06-08 09:22:37.405759,1
527,manage_job_positions_page,2020-06-08 09:22:37.784185,1
528,employees_page,2020-06-08 09:22:40.318254,1
529,logout_view,2020-06-08 09:23:23.305338,4
530,dashboard_page,2020-06-08 09:23:40.059887,5
531,hr_required_page,2020-06-08 09:24:00.429189,5
532,logout_view,2020-06-08 09:32:02.980576,5
533,dashboard_page,2020-06-08 09:32:11.633552,3
534,logout_view,2020-06-08 09:34:34.947997,3
535,dashboard_page,2020-06-08 09:36:39.172737,4
536,logout_view,2020-06-08 09:39:59.947693,4
537,dashboard_page,2020-06-08 09:40:09.576393,5
538,logout_view,2020-06-08 09:51:05.979821,5
539,dashboard_page,2020-06-08 09:51:13.799294,4
540,logout_view,2020-06-08 11:58:54.161298,4
541,dashboard_page,2020-06-08 11:59:03.304302,3
542,manage_users_page,2020-06-08 12:05:06.084705,1
543,edit_user_page,2020-06-08 12:26:16.519264,1
544,edit_user_page,2020-06-08 12:26:50.277757,1
545,manage_users_page,2020-06-08 12:26:50.665577,1
546,manage_users_page,2020-06-08 12:51:28.331679,1
547,edit_user_page,2020-06-08 12:51:35.997731,1
548,edit_user_page,2020-06-08 12:51:42.121126,1
549,manage_users_page,2020-06-08 12:51:42.403960,1
550,edit_user_page,2020-06-08 12:52:02.224165,1
551,edit_user_page,2020-06-08 12:52:07.534352,1
552,manage_users_page,2020-06-08 12:52:08.189032,1
553,logout_view,2020-06-08 12:52:21.419908,3
554,dashboard_page,2020-06-08 12:52:40.207584,4
555,edit_user_page,2020-06-10 07:15:57.753973,1
556,logout_view,2020-06-10 07:58:31.404885,4
557,dashboard_page,2020-06-10 07:58:39.905649,5
558,logout_view,2020-06-10 08:37:04.032436,1
559,dashboard_page,2020-06-10 08:37:13.510591,5
560,logout_view,2020-06-10 09:50:22.398068,5
561,dashboard_page,2020-06-10 09:50:31.264372,1
562,logout_view,2020-06-13 07:32:46.680549,5
563,dashboard_page,2020-06-13 07:32:59.128999,1
564,manage_users_page,2020-06-13 07:33:23.807054,1
565,employees_page,2020-06-13 07:33:50.961763,1
566,logout_view,2020-06-13 07:57:38.532296,1
567,dashboard_page,2020-06-13 07:57:49.642949,2
568,no_leave_record_page,2020-06-13 08:02:33.656641,2
569,no_leave_record_page,2020-06-13 08:03:41.920989,2
570,dashboard_page,2020-06-13 08:03:51.620532,2
571,no_leave_record_page,2020-06-13 08:03:55.920576,2
572,no_leave_record_page,2020-06-13 08:04:27.699234,2
573,dashboard_page,2020-06-13 08:04:44.974126,2
574,no_leave_record_page,2020-06-13 08:04:49.768184,2
575,no_leave_record_page,2020-06-13 08:07:06.007485,2
576,no_leave_record_page,2020-06-13 08:08:03.693250,2
577,no_leave_record_page,2020-06-13 08:08:07.346710,2
578,logout_view,2020-06-13 08:08:19.653246,2
579,dashboard_page,2020-06-13 08:08:26.732685,2
580,no_leave_record_page,2020-06-13 08:09:01.975346,2
581,no_leave_record_page,2020-06-13 08:11:36.162170,2
582,no_leave_record_page,2020-06-13 08:22:50.152742,2
583,logout_view,2020-06-13 08:23:02.540941,2
584,dashboard_page,2020-06-13 08:23:08.935919,1
585,logout_view,2020-06-13 08:34:39.260946,1
586,logout_view,2020-06-13 08:35:12.567284,1
587,dashboard_page,2020-06-13 08:35:33.553516,3
588,no_leave_record_page,2020-06-13 08:35:45.097602,3
589,logout_view,2020-06-13 08:35:50.888321,3
590,dashboard_page,2020-06-13 08:36:05.236857,5
591,logout_view,2020-06-13 08:36:09.908105,5
592,dashboard_page,2020-06-13 08:36:39.462868,1
593,manage_users_page,2020-06-13 08:36:53.433675,1
594,logout_view,2020-06-13 08:37:06.268366,1
595,dashboard_page,2020-06-13 08:37:13.023480,4
596,dashboard_page,2020-06-13 08:44:31.600131,4
597,logout_view,2020-06-13 18:37:00.825686,4
598,dashboard_page,2020-06-13 18:37:11.716688,5
599,logout_view,2020-06-13 18:40:03.638549,4
600,dashboard_page,2020-06-15 07:05:13.200073,1
601,manage_users_page,2020-06-15 07:05:20.652769,1
602,dashboard_page,2020-06-15 07:05:56.379976,5
603,logout_view,2020-06-15 07:45:24.375942,5
604,dashboard_page,2020-06-15 07:45:33.210667,4
605,logout_view,2020-06-15 07:47:07.660223,4
606,dashboard_page,2020-06-15 07:47:15.459425,5
607,logout_view,2020-06-15 07:48:36.088393,5
608,dashboard_page,2020-06-15 07:48:42.176912,4
609,dashboard_page,2020-06-15 08:07:05.855590,4
610,dashboard_page,2020-06-15 08:29:30.651885,4
611,logout_view,2020-06-15 09:11:44.862910,4
612,dashboard_page,2020-06-15 09:11:50.814130,4
613,dashboard_page,2020-06-15 09:13:27.992773,4
614,dashboard_page,2020-06-15 09:14:30.793078,4
615,dashboard_page,2020-06-15 09:16:18.845182,4
616,dashboard_page,2020-06-15 09:16:41.150013,4
617,hr_required_page,2020-06-15 09:16:44.766609,4
618,dashboard_page,2020-06-15 09:51:57.002418,4
619,dashboard_page,2020-06-15 09:52:07.694880,4
620,dashboard_page,2020-06-15 12:31:27.271698,4
621,dashboard_page,2020-06-15 12:34:30.304187,4
622,dashboard_page,2020-06-15 12:34:51.413681,4
623,dashboard_page,2020-06-15 12:35:30.302912,4
624,dashboard_page,2020-06-15 12:36:55.035380,4
625,dashboard_page,2020-06-15 12:37:25.135440,4
626,dashboard_page,2020-06-15 12:43:01.640475,4
627,dashboard_page,2020-06-15 12:53:50.937047,4
628,dashboard_page,2020-06-15 12:57:19.283776,4
629,dashboard_page,2020-06-15 13:05:05.557315,4
630,dashboard_page,2020-06-15 13:06:12.806420,4
631,dashboard_page,2020-06-15 13:06:16.662801,4
632,dashboard_page,2020-06-15 13:06:26.465305,4
633,dashboard_page,2020-06-15 13:06:31.828701,4
634,dashboard_page,2020-06-15 13:06:42.947819,4
635,hr_required_page,2020-06-15 13:06:45.463491,4
636,hr_required_page,2020-06-15 13:09:00.797181,4
637,dashboard_page,2020-06-15 13:09:06.084194,4
638,dashboard_page,2020-06-15 13:09:25.668816,4
639,dashboard_page,2020-06-15 13:11:07.310660,4
640,dashboard_page,2020-06-15 13:12:37.837933,4
641,dashboard_page,2020-06-15 13:15:47.287082,4
642,hr_required_page,2020-06-15 13:15:58.081445,4
643,hr_required_page,2020-06-15 13:16:13.701296,4
644,logout_view,2020-06-15 13:16:18.169827,4
645,dashboard_page,2020-06-15 13:16:23.756530,1
646,manage_job_positions_page,2020-06-15 13:16:31.470754,1
647,manage_job_positions_page,2020-06-15 13:17:19.949088,1
648,manage_job_positions_page,2020-06-15 13:21:20.853320,1
649,dashboard_page,2020-06-16 07:27:40.751633,1
650,logout_view,2020-06-16 07:27:55.896709,1
651,dashboard_page,2020-06-16 07:28:03.493312,4
652,hr_required_page,2020-06-16 07:28:13.829817,4
653,dashboard_page,2020-06-16 07:28:56.461707,4
654,dashboard_page,2020-06-16 07:29:16.484393,4
655,dashboard_page,2020-06-16 07:39:26.603202,4
656,dashboard_page,2020-06-16 07:45:34.194802,4
657,logout_view,2020-06-16 08:07:06.517987,4
658,dashboard_page,2020-06-16 08:07:15.260884,1
659,dashboard_page,2020-06-16 08:07:22.922182,1
660,logout_view,2020-06-16 08:08:43.525075,1
661,dashboard_page,2020-06-16 08:08:56.338201,4
662,dashboard_page,2020-06-16 09:02:54.116752,4
663,hr_required_page,2020-06-16 09:05:56.509331,4
664,dashboard_page,2020-06-16 09:17:11.429835,4
665,dashboard_page,2020-06-16 09:17:20.689430,4
666,dashboard_page,2020-06-16 09:19:10.813179,4
667,dashboard_page,2020-06-16 09:20:38.580897,4
668,dashboard_page,2020-06-16 09:28:55.005307,4
669,dashboard_page,2020-06-16 09:29:20.699633,4
670,dashboard_page,2020-06-16 09:30:43.970079,4
671,hr_required_page,2020-06-16 09:31:07.116075,4
672,hr_required_page,2020-06-16 12:16:25.220820,4
673,dashboard_page,2020-06-17 08:30:25.100291,4
674,hr_required_page,2020-06-17 08:30:37.803368,4
675,dashboard_page,2020-06-17 08:31:07.791382,4
676,dashboard_page,2020-06-17 08:31:20.529909,4
677,dashboard_page,2020-06-17 08:33:22.832929,4
678,dashboard_page,2020-06-17 08:33:42.948111,4
679,hr_required_page,2020-06-17 08:33:52.688565,4
680,hr_required_page,2020-06-17 08:34:35.690817,4
681,hr_required_page,2020-06-17 08:34:54.861028,4
682,hr_required_page,2020-06-17 08:39:22.508288,4
683,hr_required_page,2020-06-17 08:40:14.376099,4
684,dashboard_page,2020-06-17 08:41:02.279576,4
685,dashboard_page,2020-06-17 08:42:35.853649,4
686,dashboard_page,2020-06-17 08:42:52.812396,4
687,dashboard_page,2020-06-17 08:43:50.453724,4
688,dashboard_page,2020-06-17 08:47:12.607554,4
689,dashboard_page,2020-06-17 09:00:06.409277,4
690,dashboard_page,2020-06-17 09:00:28.955171,4
691,dashboard_page,2020-06-18 07:39:39.647500,4
692,hr_required_page,2020-06-18 08:13:28.392487,4
693,dashboard_page,2020-06-18 08:17:30.776645,4
694,dashboard_page,2020-06-18 08:19:24.326146,4
695,dashboard_page,2020-06-18 08:35:16.380385,4
696,hr_required_page,2020-06-18 08:35:29.085598,4
697,dashboard_page,2020-06-18 08:37:50.605215,4
698,logout_view,2020-06-18 08:38:01.021002,4
699,dashboard_page,2020-06-18 08:38:09.762352,1
700,manage_departments_page,2020-06-18 08:43:15.395328,1
701,logout_view,2020-06-18 08:43:28.252712,1
702,dashboard_page,2020-06-18 08:43:37.733734,5
703,hr_required_page,2020-06-18 08:43:47.215897,5
704,logout_view,2020-06-18 11:40:51.257913,5
705,dashboard_page,2020-06-18 11:41:14.665462,1
706,manage_job_contracts,2020-06-18 11:41:54.132983,1
707,logout_view,2020-06-18 11:42:50.708036,1
708,dashboard_page,2020-06-18 11:42:57.536715,5
709,logout_view,2020-06-18 11:43:52.926260,5
710,dashboard_page,2020-06-18 11:44:01.522369,4
711,dashboard_page,2020-06-18 11:49:42.795256,4
712,dashboard_page,2020-06-18 12:16:25.353839,4
713,dashboard_page,2020-06-18 12:17:28.069134,4
714,hr_required_page,2020-06-19 07:14:20.760756,4
715,hr_required_page,2020-06-19 07:16:40.409248,4
716,hr_required_page,2020-06-19 08:32:26.038002,4
717,logout_view,2020-06-19 08:32:36.311462,4
718,dashboard_page,2020-06-19 08:32:44.118358,1
